,DESK_1
,DESK_16
,DESK_18
,DESK_5
,DESK_45
,DESK_51
,DESK_31
,DESK_29
,DESK_39
,DESK_97
,DESK_37
,DESK_3
,DESK_79
,DESK_82
,DESK_85
,DESK_89
,DESK_56
,DESK_48
,DESK_30
,DESK_54
,DESK_78
,DESK_69
,DESK_91
,DESK_50
,DESK_53
,DESK_22
,DESK_33
,DESK_28
,DESK_95
,DESK_63
,DESK_92
,DESK_65
,DESK_41
,DESK_93
,DESK_70
,DESK_46
,DESK_77
,DESK_61
,DESK_24
,DESK_9
,DESK_73
,DESK_58
,DESK_83
,DESK_38
,DESK_96
,DESK_62
,DESK_7
,DESK_19
,DESK_26
,DESK_34
,DESK_25
,DESK_13
,DESK_71
,DESK_23
,DESK_72
,DESK_64
,DESK_21
,DESK_40
,DESK_86
,DESK_66
,DESK_47
,DESK_67
,DESK_57
,DESK_68
,DESK_42
,DESK_88
,DESK_8
,DESK_2
,DESK_20
,DESK_4
,DESK_6
,DESK_14
,DESK_84
,DESK_17
,DESK_15
,DESK_10
,DESK_11
,DESK_12
,DESK_27
,DESK_32
,DESK_35
,DESK_36
,DESK_43
,DESK_44
,DESK_49
,DESK_52
,DESK_55
,DESK_59
,DESK_60
,DESK_74
,DESK_75
,DESK_76
,DESK_80
,DESK_81
,DESK_87
,DESK_90
,DESK_94
